name,expression,ic_mean,rank_ic_mean,ic_ir,rank_ic_ir
alpha_gen_1,log(high),0.03486908493384243,0.01123995329428159,0.6973816986768485,0.2247990658856318
alpha_gen_2,"ts_rank(rank(rank(close)), 5)",0.015537024701701865,0.038500084388146644,0.3107404940340373,0.7700016877629329
alpha_gen_3,"delta(close, 3)",0.049869097597637455,0.04072032287811564,0.997381951952749,0.8144064575623128
alpha_gen_4,scale(sign(return)),0.03510228504254815,0.05301312599554599,0.702045700850963,1.0602625199109197
alpha_gen_5,"decay_linear(abs(high), 5)",0.017624739241948816,0.02064656211629352,0.3524947848389763,0.41293124232587036
alpha_gen_6,"delay(scale(ts_rank(close, 5)))",0.06323482079111555,0.02666226285140747,1.2646964158223108,0.5332452570281494
alpha_gen_7,return,0.03583900636207456,0.036274307968140865,0.7167801272414911,0.7254861593628172
alpha_gen_8,delay(scale(rank(return))),0.043471803739488404,-0.003778050648011841,0.869436074789768,-0.07556101296023682
alpha_gen_9,high,0.031029943733931004,-0.0032828758038114156,0.6205988746786201,-0.06565751607622831
alpha_gen_10,return,0.05639967449375118,0.007644150556132375,1.1279934898750237,0.1528830111226475
alpha_gen_11,high,0.0461334350706291,0.025186654448865847,0.922668701412582,0.503733088977317
alpha_gen_12,low,0.07430027851757443,0.023351941521301073,1.4860055703514885,0.46703883042602146
alpha_gen_13,return,0.013584014506586103,0.03055190389283703,0.27168029013172207,0.6110380778567406
alpha_gen_14,low,0.047241927171792424,0.009890115250156727,0.9448385434358484,0.19780230500313453
alpha_gen_15,"delta(delay(delta(volume, 3)), 5)",-0.004617516963934839,0.019411262045726994,-0.09235033927869678,0.38822524091453986
alpha_gen_16,"scale(correlation(high, log(open), 5))",0.01485982908064307,0.015140004463854209,0.2971965816128614,0.3028000892770842
alpha_gen_17,"delta(rank(ts_rank(open, 20)), 10)",0.05228111473150308,0.04515395183340688,1.0456222946300615,0.9030790366681376
alpha_gen_18,delay(open),0.061958014309534286,0.03881575705554502,1.2391602861906856,0.7763151411109004
alpha_gen_19,high,0.023277855680402554,0.043471421422899025,0.4655571136080511,0.8694284284579804
alpha_gen_20,"delay(ts_rank(rank(low), 5), 3)",0.035293432097923946,0.012962363845129924,0.7058686419584789,0.25924727690259847
alpha_gen_21,open,0.03353338109065559,0.03627127069115362,0.6706676218131117,0.7254254138230724
alpha_gen_22,"delta(high, 10)",0.03594197210326961,0.021256459713948916,0.7188394420653922,0.4251291942789783
alpha_gen_23,delay(vwap),0.04259384895077456,0.018032354148213272,0.8518769790154912,0.3606470829642654
alpha_gen_24,close,0.07862466801445497,0.0426927259524792,1.5724933602890994,0.853854519049584
alpha_gen_25,"decay_linear(return, 20)",0.03904261222427773,0.05290212569573821,0.7808522444855546,1.0580425139147642
alpha_gen_26,"decay_linear(decay_linear(close, 5), 10)",0.04135282044956938,0.02279237697689361,0.8270564089913875,0.4558475395378722
alpha_gen_27,volume,0.05302862499422393,0.05446812029202214,1.0605724998844785,1.0893624058404427
alpha_gen_28,high,0.0007809659392416251,0.026768343675988484,0.015619318784832501,0.5353668735197696
alpha_gen_29,open,0.029654200578567002,0.03836350988292908,0.59308401157134,0.7672701976585816
alpha_gen_30,return,0.04609279172883099,0.04806189942035194,0.9218558345766198,0.9612379884070388
alpha_gen_31,vwap,0.007700243386293118,0.0329334955655079,0.15400486772586236,0.658669911310158
alpha_gen_32,low,2.3907275915620517e-05,0.022973508725288933,0.0004781455183124103,0.45947017450577865
alpha_gen_33,"decay_linear(decay_linear(correlation(volume, open, 20), 10), 10)",0.04609067512445568,0.03542239344503067,0.9218135024891135,0.7084478689006133
alpha_gen_34,high,0.04024031350989229,0.036680068497637955,0.8048062701978457,0.733601369952759
alpha_gen_35,close,0.04705256903366153,0.02433436466598472,0.9410513806732305,0.48668729331969435
alpha_gen_36,volume,0.009194792204986724,0.021693834072136466,0.18389584409973447,0.4338766814427293
alpha_gen_37,"sign(decay_linear(high, 5))",0.05241517993411786,-0.011187957676899486,1.048303598682357,-0.22375915353798972
alpha_gen_38,high,0.020440444596298672,0.036749343493526286,0.4088088919259734,0.7349868698705256
alpha_gen_39,return,0.0493939072251625,0.05263438430561457,0.98787814450325,1.0526876861122914
alpha_gen_40,"ts_rank(delay(delay(volume, 10), 3), 60)",0.04503670006134759,0.029232182854456838,0.9007340012269518,0.5846436570891367
alpha_gen_41,open,0.05532071047466347,0.05481374269174703,1.1064142094932694,1.0962748538349405
alpha_gen_42,"delay(open, 10)",0.014423330076680554,0.04463603531130915,0.2884666015336111,0.8927207062261829
alpha_gen_43,"decay_linear(rank(ts_rank(open, 20)), 10)",0.03950174709745583,0.007049479046436503,0.7900349419491166,0.14098958092873004
alpha_gen_44,"delay(sign(correlation(return, volume, 5)), 3)",0.03940937858828309,0.05712579282867076,0.7881875717656618,1.142515856573415
alpha_gen_45,"delay(decay_linear(abs(vwap), 20), 5)",0.021983374157576716,0.04029424921921371,0.4396674831515343,0.8058849843842741
alpha_gen_46,"delta(abs(low), 3)",0.025973233909247197,0.01308317185256468,0.5194646781849439,0.2616634370512936
alpha_gen_47,volume,0.02611526468979958,0.03277423443518542,0.5223052937959916,0.6554846887037084
alpha_gen_48,"log(ts_rank(log(high), 20))",0.034371789653146384,0.05111653246979945,0.6874357930629277,1.022330649395989
alpha_gen_49,vwap,-0.010379360767199792,0.02237857076785267,-0.20758721534399582,0.4475714153570534
alpha_gen_50,scale(volume),0.007077825076817049,0.019913386046908597,0.14155650153634097,0.3982677209381719
alpha_gen_51,close,0.008201921941169516,0.0007131055485679187,0.1640384388233903,0.014262110971358374
alpha_gen_52,"rank(delay(decay_linear(return, 20)))",0.019157675793224773,0.04184040265056016,0.3831535158644954,0.8368080530112032
alpha_gen_53,"log(delta(log(high), 5))",0.031040557428041043,0.04931285281669835,0.6208111485608209,0.986257056333967
alpha_gen_54,close,0.03945298439974102,0.041360264500658286,0.7890596879948204,0.8272052900131657
alpha_gen_55,"decay_linear(high, 20)",0.031191597332316297,0.06445200421974175,0.6238319466463259,1.2890400843948349
alpha_gen_56,close,0.005129319711939327,0.03122007841354229,0.10258639423878654,0.6244015682708457
alpha_gen_57,close,0.03496930596133472,0.05601775134036158,0.6993861192266944,1.1203550268072315
alpha_gen_58,rank(low),0.016040782365643633,0.02370341366095814,0.32081564731287265,0.47406827321916273
alpha_gen_59,vwap,0.009558520656570016,-0.00756282318784627,0.19117041313140032,-0.1512564637569254
alpha_gen_60,close,0.00021582804372771318,-0.007471509915099401,0.004316560874554263,-0.149430198301988
alpha_gen_61,"scale(abs(correlation(high, volume, 20)))",0.004374342102823306,0.06804872754318284,0.08748684205646612,1.3609745508636566
alpha_gen_62,"decay_linear(correlation(abs(close), log(vwap), 20), 5)",0.03557226150317444,0.026573383401559292,0.7114452300634888,0.5314676680311858
alpha_gen_63,"log(delta(sign(open), 10))",-0.005160642800905923,0.037106888352591516,-0.10321285601811846,0.7421377670518303
alpha_gen_64,abs(abs(close)),0.045708775317203465,0.03272333089697853,0.9141755063440693,0.6544666179395705
alpha_gen_65,"rank(correlation(scale(return), rank(high), 5))",0.05588740654989739,0.019889152854730294,1.1177481309979478,0.3977830570946059
alpha_gen_66,"correlation(volume, sign(abs(volume)), 20)",0.03542048603491871,-0.008069093139244796,0.7084097206983742,-0.1613818627848959
alpha_gen_67,low,0.03306160062219729,0.025410126394784106,0.6612320124439458,0.5082025278956821
alpha_gen_68,"log(correlation(abs(high), decay_linear(return, 10), 60))",0.03529183293293824,0.028951426064584472,0.7058366586587648,0.5790285212916894
alpha_gen_69,"delta(ts_rank(volume, 10))",0.022240043593194266,0.006243221733715084,0.4448008718638853,0.12486443467430167
alpha_gen_70,vwap,0.07284095127830083,0.020278981752008478,1.4568190255660165,0.40557963504016953
alpha_gen_71,close,-0.002325571900249372,0.00839657759146873,-0.046511438004987436,0.1679315518293746
alpha_gen_72,abs(sign(rank(volume))),0.009100670003877015,-0.0030177908279369454,0.1820134000775403,-0.0603558165587389
alpha_gen_73,"abs(correlation(delay(close, 5), vwap, 5))",0.009451308051092651,0.0643475335788639,0.18902616102185302,1.2869506715772778
alpha_gen_74,return,0.04040790737298448,0.051572315858749614,0.8081581474596896,1.0314463171749921
alpha_gen_75,abs(log(abs(open))),0.031045861016657156,0.03981731405922882,0.6209172203331431,0.7963462811845764
alpha_gen_76,"scale(ts_rank(delta(open, 5), 5))",0.023576218605950897,0.07617678724540378,0.47152437211901793,1.5235357449080755
alpha_gen_77,vwap,0.03591260700409829,0.012912680531235815,0.7182521400819658,0.2582536106247163
alpha_gen_78,"log(decay_linear(decay_linear(open, 10), 20))",0.019139268893088566,0.07476554187830821,0.3827853778617713,1.4953108375661641
alpha_gen_79,"delta(abs(decay_linear(high, 5)))",0.03832849271250615,0.015675217890077277,0.7665698542501229,0.3135043578015455
alpha_gen_80,delay(delta(scale(volume))),0.04389205838994298,-0.0007509552995399611,0.8778411677988596,-0.01501910599079922
alpha_gen_81,"ts_rank(scale(delta(volume)), 20)",0.025887017950172942,0.010212828909147854,0.5177403590034588,0.2042565781829571
alpha_gen_82,"delay(ts_rank(delta(close, 3), 20), 10)",0.03227261385185546,0.040781208306905785,0.6454522770371092,0.8156241661381156
alpha_gen_83,high,0.05928207571151517,0.05431774871294701,1.1856415142303034,1.0863549742589402
alpha_gen_84,volume,0.04182235631937723,0.04381984230550481,0.8364471263875446,0.876396846110096
alpha_gen_85,close,0.012046632623735933,0.0035402267905984427,0.24093265247471865,0.07080453581196886
alpha_gen_86,delta(abs(rank(volume))),0.024731577723591504,0.028143121441689716,0.49463155447183005,0.5628624288337943
alpha_gen_87,vwap,0.008989139089265538,0.06511356279296211,0.17978278178531074,1.3022712558592422
alpha_gen_88,sign(sign(close)),0.02685926816448242,-0.004508267798021281,0.5371853632896484,-0.09016535596042562
alpha_gen_89,"delay(delay(return, 10), 10)",0.04769078698548069,0.032962032312606124,0.9538157397096138,0.6592406462521224
alpha_gen_90,"decay_linear(sign(log(open)), 10)",0.05236189244932462,0.04813003109278516,1.0472378489864924,0.9626006218557032
alpha_gen_91,open,0.051762156053426225,0.015142702756638017,1.0352431210685245,0.3028540551327603
alpha_gen_92,"decay_linear(log(delta(close, 3)), 10)",0.026827824532317,0.02438568634698542,0.5365564906463399,0.4877137269397084
alpha_gen_93,rank(rank(log(return))),0.01587763990704026,0.050375741064788634,0.3175527981408052,1.0075148212957725
alpha_gen_94,vwap,0.04742972831411697,0.04962884659582996,0.9485945662823394,0.9925769319165991
alpha_gen_95,close,0.03496506715054621,0.016357455688224703,0.6993013430109242,0.327149113764494
alpha_gen_96,volume,0.022606398955239613,0.036980822021793154,0.45212797910479224,0.739616440435863
alpha_gen_97,sign(close),0.0400553002503113,0.04760550552269619,0.801106005006226,0.9521101104539238
alpha_gen_98,volume,0.04263756792821569,0.04378407374276125,0.8527513585643138,0.875681474855225
alpha_gen_99,"ts_rank(rank(abs(close)), 10)",0.01170304703400209,0.0014558968411588484,0.2340609406800418,0.029117936823176968
alpha_gen_100,log(high),-0.007383570897510993,0.021836424586476437,-0.14767141795021985,0.4367284917295287
